user_index,id
677,teamlab
2019,201333017
2020,201735431
2021,201431317
2022,201434110
2023,201535471
2024,201131954
2025,201132827
2027,201633836
2028,201532883
2029,201034524
2030,201432515
2031,201131606
2032,201836010
2033,201335051
2035,201333442
2036,201833724
2037,20133017
2039,201231711
2040,201635625
2041,201635626
2042,201532875
2043,201634647
2045,201431098
2046,200732114
2049,200931412
2050,201731239
2052,2015328833
2053,201532663
2054,201231085
2055,201234052
2056,201433258
2057,201333888
2058,201232878
2059,201031430
2060,201733144
2061,201032198
2062,201134524
2063,201331610
2064,201334699
2065,201534694
2066,201632705
2067,201331744
2068,201633605
2069,201134533
2070,201634238
2071,201333360
2072,201431731
2073,201333361
2074,201333340
2075,201636022
2076,201731405
2077,201731427
2078,201434308
2079,201331710
2080,201632731
2081,201435299
2082,201132851
2083,201434113
2084,201433116
2085,201534092
2086,201531984
2087,201331270
2088,201233854
2089,201333998
2090,201732534
2091,201433301
2092,201533679
2093,201634945
2094,201731249
2095,201335153
2096,201534050
2097,201232620
2098,201737611
2099,201332259
2100,201231036
2101,201335348
2102,201333617
2103,201433257
2104,201433298
2106,201632422
2107,201333699
2108,201333674
2109,201632569
2110,201636102
2111,201133356
2112,201738617
2113,201434145
2114,201431972
2115,201431986
2116,201331743
2117,201634932
2118,201331510
2119,201332796
2120,201231442
2121,201131373
2123,201331713
2124,201331751
2125,201735426
2126,201634908
2127,201331052
2128,201331113
2129,201733002
2130,201535165
2131,201234725
2132,201234077
2133,201632736
2134,201433121
2135,201331735
2136,201435276
2137,201232932
2138,201134351
2139,201331747
2140,201636304
2141,201533697
2142,201431952
2143,201231076
2144,201234834
2145,21151028
2147,201431652
2148,201636031
2149,201533605
2150,201531973
2151,201333516
2152,201333059
2153,201331148
2154,201533204
2155,201333053
2156,201433663
2157,201632713
2158,201433669
2159,201731477
2160,201333584
2161,201132759
2162,201131797
2163,201731252
2165,201431302
2166,201738624
2167,201431212
2168,201731219
2169,201836502
2170,201233371
2171,201738604
2172,201635637
2173,200932746
2174,201233377
2175,201732916
2176,201733028
2177,201737306
2178,201331428
2179,201431354
2180,201331266
2181,201434143
2182,201331322
2183,201331311
2184,201233453
2185,201431291
2186,201732711
2187,201133445
2188,201132841
2189,201333380
2190,201333899
2191,201132643
2192,201232734
2193,201533995
2194,201331071
2195,201735438
2196,201333872
2197,201634355
2198,201631611
2199,201233397
2200,201434131
2201,21151034
2202,201831273
2203,201834703
2206,201533258
2208,201133381
2209,201735946
2210,201533209
2211,201331373
2213,20100572
2214,201331989
2215,201833519
2216,201535330
2217,201231944
2218,201333583
2219,201835887
2220,201733486
2222,201732736
2223,201433313
2224,201932758
2225,201331204
2226,201833001
2227,201131317
2228,201731409
2229,201836024
2230,201736665
2231,201731273
2232,201737029
2233,201936925
2234,201331760
2235,201132762
2236,201831966
2237,201837039
2238,201836152
2240,201533992
2241,201533628
2242,201533422
2243,201633347
2244,201831852
2245,201633742
2246,201332287
2247,201836202
2248,201532091
2249,201734002
2250,201433743
2251,201634321
2252,201532416
2253,201831813
2254,201432876
2255,201531061
2256,201832931
2257,201832932
2259,201333519
2260,201831212
2261,201433392
2262,201732518
2263,201833507
2264,201934603
2265,201333734
2266,201333515
2267,201531041
2268,201834908
2269,201234728
2271,201031861
2272,201532668
2273,201831812
2275,201831204
2276,201931606
2277,201433131
2278,201935318
2279,201636278
2280,201739275
2281,201836017
2282,201333351
2283,201333868
2284,201732572
2285,201734934
2286,201331950
2287,201831845
2288,201331064
2289,201831841
2290,201636649
2291,201831842
2292,201933656
2293,201734741
2294,201533847
2295,201935327
2296,201831349
2297,201831817
2298,201734912
2299,201635960
2300,201433681
2301,201831838
2302,201634950
2303,201831836
2304,201231752
2305,201131885
2306,201533172
2307,201631827
2308,201835125
2309,201837013
2310,201832939
2311,201832937
2312,201634933
2313,201633436
2314,201533343
2315,201331985
2316,201831226
2317,201636720
2318,201836006
2319,201834714
2320,201731437
2321,201934538
2322,201533648
2323,201331156
2324,201837341
2325,201232462
2326,201832521
2327,201836216
2328,201331988
2329,201831831
2330,201736727
2331,201836712
2332,201431343
2333,201732545
2334,201533599
2335,201333571
2336,201531162
2337,201831246
2338,201733730
2339,201631236
2340,201931651
2341,201131547
2342,21151051
2343,201236479
2344,201131479
2345,201233794
2346,201331077
2347,201331337
2348,201331351
2349,201332123
2350,201333911
2351,201431032
2352,201431139
2353,201431153
2354,201431195
2355,201431284
2356,201431758
2357,201431809
2358,201431961
2359,201432032
2360,201432079
2361,201432145
2364,201433513
2365,201433870
2366,201433963
2367,201531094
2368,201531105
2369,201531108
2370,201531181
2371,201531244
2372,201531258
2373,201531259
2374,201531262
2375,201531288
2376,201532426
2377,201533805
2378,201631818
2379,201632102
2380,201632149
2381,201632275
2382,201632407
2383,201632409
2385,201632427
2386,201632436
2387,201632805
2389,201635003
2390,201639006
2391,201639011
2392,201639016
2393,201731414
2394,201732197
2395,201732216
2396,201732241
2397,201732405
2398,201732422
2399,201732428
2400,201732436
2401,201732846
2402,201733193
2404,201735345
2405,201739015
2406,201739064
2407,201739239
2408,201750076
2409,201831115
2410,201831130
2411,201831136
2412,201831151
2413,201831160
2414,201832101
2415,201832103
2416,201832105
2417,201832108
2418,201832109
2419,201832110
2420,201832112
2421,201832113
2422,201832115
2423,201832116
2424,201832117
2425,201832119
2426,201832120
2427,201832122
2428,201832123
2429,201832126
2430,201832129
2431,201832130
2433,201832134
2434,201832135
2435,201832136
2436,201832137
2437,201832139
2438,201832141
2439,201832142
2440,201832143
2441,201832145
2442,201832146
2443,201832147
2444,201832148
2445,201832149
2446,201832151
2447,201832152
2448,201832153
2449,201832154
2450,201832156
2451,201832157
2452,201832161
2453,201832162
2454,201832164
2455,201832165
2456,201832166
2457,201832167
2458,201832168
2459,201832170
2460,201832171
2461,201832172
2462,201832173
2463,201832174
2464,201832176
2465,201832177
2466,201832178
2467,201832181
2468,201832182
2469,201832183
2470,201832188
2471,201832189
2472,201832190
2473,201832191
2474,201832192
2475,201832194
2476,201832196
2477,201832197
2478,201832198
2479,201832202
2480,201832203
2481,201832204
2482,201832205
2483,201832206
2484,201832207
2485,201832208
2486,201832209
2487,201832211
2488,201832212
2489,201832213
2490,201832214
2491,201832215
2492,201832217
2493,201832219
2494,201832220
2495,201832224
2496,201832225
2497,201832227
2498,201832229
2499,201832232
2500,201832234
2501,201832236
2502,201832237
2503,201832238
2504,201832240
2505,201832242
2506,201832243
2507,201832245
2508,201832247
2509,201832250
2510,201832252
2511,201832253
2512,201832254
2513,201832255
2514,201832257
2515,201832261
2516,201832262
2517,201832263
2518,201832265
2519,201832266
2520,201832267
2521,201832268
2522,201832502
2523,201832504
2524,201832506
2525,201832509
2526,201832517
2527,201832535
2528,201832539
2529,201832540
2530,201832541
2531,201832545
2532,201832547
2533,201832925
2534,201837301
2535,201837315
2536,201837328
2537,201837344
2538,201837382
2540,201839013
2541,201839014
2542,201839015
2543,201839016
2544,201839018
2545,201839022
2546,201839024
2547,201839025
2548,201839026
2551,201839099
2552,201839103
2553,201839116
2554,201839118
2555,201839121
2556,201845120
2557,201940099
2558,201940101
2559,201940136
2560,201940145
2561,201940181
2562,201940182
2563,201940183
2564,201940184
2565,201940185
2566,201940186
2567,201940187
2568,201940188
2570,201940190
2571,201940191
2572,201940192
2573,201940193
2574,201940194
2575,201940195
2576,201940196
2577,201940224
2578,2
2579,201940189
2580,201433250
2581,201832132
2582,ku_201772528
2583,ku_201871396
2584,test
2585,201639001
2586,201839062
2587,python_ta
2589,201839012
2590,ID
2591,minjucindy
2592,15109303
2593,wndgh0630
2594,codnjs3180
2595,ksh333
2596,jundolpop
2597,lobbyist1994
2598,17101880
2599,19101975
2600,rlaalsrb0715
2601,kdavid2355
2602,kkc217
2603,kimlisa00
2604,bamba1234
2605,rvlt711
2606,yoonsang5191
2607,cherry981116
2608,keonju2
2609,gmuffiness
2610,angejoy
2611,19101986
2612,bae301764
2613,chaena
2614,park0662
2615,19101992
2616,qor06032
2617,blueha02
2618,16102195
2619,pae0703
2620,hsyea203
2621,dhwldus0906
2622,fbfbf1
2623,aazx1116
2624,dbch9918
2625,lbk9764
2626,16102205
2627,19102009
2628,dlwogjsdla
2629,wlstn8802
2630,thlee99
2631,lhi5116
2632,lhj9918
2633,dlgudwn55
2634,sujin990722
2635,sun0
2636,sehun0519
2637,jun9ju
2638,whwodud96
2639,jyjin3
2640,ghostin
2641,18102019
2642,jihyun0831
2643,tpfl000
2644,17101992
2645,jane684
2646,4942KZ
2647,3663XH
2648,4251DQ
2649,4206DO
2650,4253VS
2651,4246PP
2652,4249ON
2653,4248WQ
2654,4204TK
2655,1902KN
2656,4221NL
2657,6825BM
2658,2521QY
2659,4218FS
2660,4219OE
2661,4905DT
2662,4210MQ
2663,4211RK
2664,4212IF
2665,4213UL
2666,4205WL
2667,4240LW
2668,3245JU
2669,4957YH
2670,4244BV
2671,4223MP
2672,4234FH
2673,4233HZ
2674,2534KI
2675,4224QV
2676,2536SZ
2677,4236QA
2678,4235AG
2679,4237QS
3408,toystori1
3409,kmj0825
3410,smileboy816
3411,ksg1996
3412,eunbin0624
3413,kimgun74
3414,18101964
3415,vmfhvmfh19
3416,kms6988
3417,a2868740
3418,python
3419,16102173
3420,dbrud7787
3421,whddn12316
3422,kjs940809
3423,18101974
3424,godnjf2
3425,moon
3426,19101987
3427,14113327
3428,sj17cc
3429,bswkgj
3430,18101983
3431,tyzhffkaos
3433,shawn225
3434,yshlove1129
3435,18101987
3436,rays410
3437,asd072312
3438,19102006
3439,seongjaewe
3440,dlrjs3066
3441,rael0212
3442,bruselee10
3443,lsh1208
3444,dbwlsdll0527
3445,wogh2011
3446,dlwhdgns0402
3447,j0608
3448,hy9927
3449,oeo0811
3450,jjun09
3451,jtk7116
3452,jay80790
3453,palaoo
3454,znfdnjxj79
3455,cjy980716
3456,han7028
3457,hsk3514
3458,ckdtmd111
3459,19102030
3460,sds6952
